{
  "texts" : "MacOS Vision OCR\nA powerful command-line OCR tool built with Apple's Vision framework, supporting single\nimage and batch processing with detailed positional information output.\nFeatures\n• Support for multiple image formats （JPG, JPEG, PNG, WEBP）\n|• Single image and batch processing modes\n• Multi-language recognition （Simplified Chinese, Traditional Chinese, English，\nJapanese）\n• Detailed JSON output with text positions and confidence scores\n• Debug mode with visual bounding boxes\n• Support for both arm64 and x86_64 architectures",
  "info" : {
    "width" : 1782,
    "filename" : "macos-vision-ocr.jpg",
    "filepath" : "\/Users\/abao\/Documents\/Github\/macos-vision-ocr\/.\/images\/macos-vision-ocr.jpg",
    "height" : 970
  },
  "observations" : [
    {
      "quad" : {
        "bottomRight" : {
          "x" : 0.40406976816030932,
          "y" : 0.090721649676073324
        },
        "topLeft" : {
          "x" : 0.010174420916166525,
          "y" : 0.021333332843206487
        },
        "bottomLeft" : {
          "y" : 0.090721649676073324,
          "x" : 0.010174420916166525
        },
        "topRight" : {
          "x" : 0.40406976816030932,
          "y" : 0.021333332843206487
        }
      },
      "confidence" : 0.5,
      "text" : "MacOS Vision OCR"
    },
    {
      "quad" : {
        "bottomRight" : {
          "y" : 0.24536082440269502,
          "x" : 0.94476745096436332
        },
        "topLeft" : {
          "y" : 0.19175257698001458,
          "x" : 0.0087209234057915377
        },
        "bottomLeft" : {
          "x" : 0.0087209234057915377,
          "y" : 0.24536082440269502
        },
        "topRight" : {
          "x" : 0.94476745096436332,
          "y" : 0.19175257698001458
        }
      },
      "text" : "A powerful command-line OCR tool built with Apple's Vision framework, supporting single",
      "confidence" : 0.5
    },
    {
      "confidence" : 0.5,
      "text" : "image and batch processing with detailed positional information output.",
      "quad" : {
        "topRight" : {
          "x" : 0.75872090677282367,
          "y" : 0.26082474276662926
        },
        "bottomRight" : {
          "x" : 0.75872090677282367,
          "y" : 0.30666666572327284
        },
        "bottomLeft" : {
          "y" : 0.30666666572327284,
          "x" : 0.0058139618899673484
        },
        "topLeft" : {
          "x" : 0.0058139618899673484,
          "y" : 0.26082474276662926
        }
      }
    },
    {
      "confidence" : 1,
      "quad" : {
        "topRight" : {
          "y" : 0.39999999921860963,
          "x" : 0.14680232577338936
        },
        "bottomRight" : {
          "x" : 0.14680232577338936,
          "y" : 0.45066666672424749
        },
        "topLeft" : {
          "x" : 0.008720928234085731,
          "y" : 0.39999999921860963
        },
        "bottomLeft" : {
          "x" : 0.008720928234085731,
          "y" : 0.45066666672424749
        }
      },
      "text" : "Features"
    },
    {
      "confidence" : 0.5,
      "text" : "• Support for multiple image formats （JPG, JPEG, PNG, WEBP）",
      "quad" : {
        "bottomRight" : {
          "x" : 0.7093023117874665,
          "y" : 0.59733333293108926
        },
        "bottomLeft" : {
          "x" : 0.050872103125324253,
          "y" : 0.59733333293108926
        },
        "topRight" : {
          "x" : 0.7093023117874665,
          "y" : 0.54399999933557741
        },
        "topLeft" : {
          "x" : 0.050872103125324253,
          "y" : 0.54399999933557741
        }
      }
    },
    {
      "text" : "|• Single image and batch processing modes",
      "confidence" : 0.5,
      "quad" : {
        "bottomLeft" : {
          "x" : 0.021802331830222881,
          "y" : 0.65599999999726333
        },
        "topLeft" : {
          "x" : 0.021802331830222881,
          "y" : 0.60515463948713533
        },
        "bottomRight" : {
          "x" : 0.5174418460040795,
          "y" : 0.65599999999726333
        },
        "topRight" : {
          "y" : 0.60515463948713533,
          "x" : 0.5174418460040795
        }
      }
    },
    {
      "text" : "• Multi-language recognition （Simplified Chinese, Traditional Chinese, English，",
      "quad" : {
        "topLeft" : {
          "x" : 0.049418620281314572,
          "y" : 0.67731958853215035
        },
        "bottomLeft" : {
          "x" : 0.049418620281314572,
          "y" : 0.7309278359548308
        },
        "topRight" : {
          "x" : 0.87209299587317068,
          "y" : 0.67731958853215035
        },
        "bottomRight" : {
          "x" : 0.87209299587317068,
          "y" : 0.7309278359548308
        }
      },
      "confidence" : 0.5
    },
    {
      "text" : "Japanese）",
      "confidence" : 1,
      "quad" : {
        "topLeft" : {
          "y" : 0.74594523907006915,
          "x" : 0.072753072485975179
        },
        "topRight" : {
          "y" : 0.74738910395144698,
          "x" : 0.18321579209608452
        },
        "bottomRight" : {
          "y" : 0.78738809443310875,
          "x" : 0.18306087942362423
        },
        "bottomLeft" : {
          "y" : 0.78594422955173093,
          "x" : 0.072598159813514904
        }
      }
    },
    {
      "quad" : {
        "bottomLeft" : {
          "x" : 0.050872088433827421,
          "y" : 0.85360824835628779
        },
        "topRight" : {
          "y" : 0.81030927928412277,
          "x" : 0.74273257425997075
        },
        "bottomRight" : {
          "x" : 0.74273257425997075,
          "y" : 0.85360824835628779
        },
        "topLeft" : {
          "x" : 0.050872088433827421,
          "y" : 0.81030927928412277
        }
      },
      "confidence" : 0.5,
      "text" : "• Detailed JSON output with text positions and confidence scores"
    },
    {
      "text" : "• Debug mode with visual bounding boxes",
      "confidence" : 0.5,
      "quad" : {
        "topLeft" : {
          "y" : 0.87731958773997709,
          "x" : 0.049418605301475543
        },
        "bottomRight" : {
          "x" : 0.49709301514426102,
          "y" : 0.92268041248224508
        },
        "bottomLeft" : {
          "y" : 0.92268041248224508,
          "x" : 0.049418605301475543
        },
        "topRight" : {
          "x" : 0.49709301514426102,
          "y" : 0.87731958773997709
        }
      }
    },
    {
      "text" : "• Support for both arm64 and x86_64 architectures",
      "quad" : {
        "topLeft" : {
          "x" : 0.049418607200380195,
          "y" : 0.94400000135845674
        },
        "bottomLeft" : {
          "x" : 0.049418607200380195,
          "y" : 0.99199999884154311
        },
        "bottomRight" : {
          "y" : 0.99199999884154311,
          "x" : 0.59738371153145142
        },
        "topRight" : {
          "y" : 0.94400000135845674,
          "x" : 0.59738371153145142
        }
      },
      "confidence" : 0.5
    }
  ]
}